Folder number,Report variant?,Reason for selection,Gene,Genotype,Genomic nomenclature,cDNA nomenclature,Protein nomenclature,Coding effect,Variant type,Variant location,Exon,Intron,Quality (vcf),Filter (vcf),Allele depth,Total depth,Genotype quality,Inserted nucleotides,Deleted nucleotides,WT nucleotides,Variant nucleotides,Chromosome,Position,HGMD id,HGMD phenotype,HGMD PubMed id,HGMD subcategory,ClinVar ids,Gnomad Filter,Gnomad frequency,Gnomad African frequency,Gnomad Latino frequency,Gnomad Ashkenazi Jewish frequency,Gnomad East Asian frequency,Gnomad South Asian frequency,Gnomad European (Non-Finnish) frequency,Gnomad European (Finnish) frequency,Gnomad Other frequency,Reads expected,Reads observed,Number of exons,Genomic DNA start,Genomic DNA end,Transcript,Gnomad variant allele count,Gnomad allele number,Gnomad number of homozygotes,Gnomad number of heterozygotes,Gnomad number of hemizygotes,ClinVar origins,ClinVar methods,ClinVar clinical significance,ClinVar review status,ClinVar phenotypes,Grantham distance,AGVD class,Sift prediction,Grantham variation,Gnomad African total count,Gnomad African homozygous count,Gnomad African heterozygous count,Gnomad African hemizygous count,Gnomad Latino total count,Gnomad Latino homozygous count,Gnomad Latino heterozygous count,Gnomad Latino hemizygous count,Gnomad Ashkenazi Jewish total count,Gnomad Ashkenazi Jewish homozygous count,Gnomad Ashkenazi Jewish heterozygous count,Gnomad Ashkenazi Jewish hemizygous count,Gnomad East Asian total count,Gnomad East Asian homozygous count,Gnomad East Asian heterozygous count,Gnomad East Asian hemizygous count,Gnomad South Asian total count,Gnomad South Asian homozygous count,Gnomad South Asian heterozygous count,Gnomad South Asian hemizygous count,Gnomad European (Non-Finnish) total count,Gnomad European (Non-Finnish) homozygous count,Gnomad European (Non-Finnish) heterozygous count,Gnomad European (Non-Finnish) hemizygous count,Gnomad European (Finnish) total count,Gnomad European (Finnish) homozygous count,Gnomad European (Finnish) heterozygous count,Gnomad European (Finnish) hemizygous count,Gnomad Other total count,Gnomad Other homozygous count,Gnomad Other heterozygous count,Gnomad Other hemizygous count,Distance to nearest splice site,Nearest splice site type,Local splice effect,Local splice site position,local_ss_wt_max_ent_score,local_ss_wt_nns_score,local_ss_wt_hsf_score,local_ss_var_max_ent_score,local_ss_var_nns_score,local_ss_var_hsf_score,wt_ssf_score,wt_max_ent_score,wt_nns_score,wt_gs_score,wt_hsf_score,var_ssf_score,var_max_ent_score,var_nns_score,var_gs_score,var_hsf_score,spice_score,Branch point position,Branch point change,Uniprot id,OMIM id
EX1901842,No variant detected,,,,,,,,,,,,,,,,,,,,,,,,,,,,,,,,,,,,,,,,,,,,,,,,,,,,,,,,,,,,,,,,,,,,,,,,,,,,,,,,,,,,,,,,,,,,,,,,,,,,,,,,,,,,,,,,,,
EX1902182,No variant detected,,,,,,,,,,,,,,,,,,,,,,,,,,,,,,,,,,,,,,,,,,,,,,,,,,,,,,,,,,,,,,,,,,,,,,,,,,,,,,,,,,,,,,,,,,,,,,,,,,,,,,,,,,,,,,,,,,
EX1902901,No variant detected,,,,,,,,,,,,,,,,,,,,,,,,,,,,,,,,,,,,,,,,,,,,,,,,,,,,,,,,,,,,,,,,,,,,,,,,,,,,,,,,,,,,,,,,,,,,,,,,,,,,,,,,,,,,,,,,,,
EX1903045,No variant detected,,,,,,,,,,,,,,,,,,,,,,,,,,,,,,,,,,,,,,,,,,,,,,,,,,,,,,,,,,,,,,,,,,,,,,,,,,,,,,,,,,,,,,,,,,,,,,,,,,,,,,,,,,,,,,,,,,
EX1903094,No variant detected,,,,,,,,,,,,,,,,,,,,,,,,,,,,,,,,,,,,,,,,,,,,,,,,,,,,,,,,,,,,,,,,,,,,,,,,,,,,,,,,,,,,,,,,,,,,,,,,,,,,,,,,,,,,,,,,,,
EX1903218,No variant detected,,,,,,,,,,,,,,,,,,,,,,,,,,,,,,,,,,,,,,,,,,,,,,,,,,,,,,,,,,,,,,,,,,,,,,,,,,,,,,,,,,,,,,,,,,,,,,,,,,,,,,,,,,,,,,,,,,
EX1903572,No variant detected,,,,,,,,,,,,,,,,,,,,,,,,,,,,,,,,,,,,,,,,,,,,,,,,,,,,,,,,,,,,,,,,,,,,,,,,,,,,,,,,,,,,,,,,,,,,,,,,,,,,,,,,,,,,,,,,,,
EX1903573,No variant detected,,,,,,,,,,,,,,,,,,,,,,,,,,,,,,,,,,,,,,,,,,,,,,,,,,,,,,,,,,,,,,,,,,,,,,,,,,,,,,,,,,,,,,,,,,,,,,,,,,,,,,,,,,,,,,,,,,
EX1903575,No variant detected,,,,,,,,,,,,,,,,,,,,,,,,,,,,,,,,,,,,,,,,,,,,,,,,,,,,,,,,,,,,,,,,,,,,,,,,,,,,,,,,,,,,,,,,,,,,,,,,,,,,,,,,,,,,,,,,,,
EX1903611,No variant detected,,,,,,,,,,,,,,,,,,,,,,,,,,,,,,,,,,,,,,,,,,,,,,,,,,,,,,,,,,,,,,,,,,,,,,,,,,,,,,,,,,,,,,,,,,,,,,,,,,,,,,,,,,,,,,,,,,
EX1903621,No variant detected,,,,,,,,,,,,,,,,,,,,,,,,,,,,,,,,,,,,,,,,,,,,,,,,,,,,,,,,,,,,,,,,,,,,,,,,,,,,,,,,,,,,,,,,,,,,,,,,,,,,,,,,,,,,,,,,,,
EX1903648,No variant detected,,,,,,,,,,,,,,,,,,,,,,,,,,,,,,,,,,,,,,,,,,,,,,,,,,,,,,,,,,,,,,,,,,,,,,,,,,,,,,,,,,,,,,,,,,,,,,,,,,,,,,,,,,,,,,,,,,
EX1903653,No variant detected,,,,,,,,,,,,,,,,,,,,,,,,,,,,,,,,,,,,,,,,,,,,,,,,,,,,,,,,,,,,,,,,,,,,,,,,,,,,,,,,,,,,,,,,,,,,,,,,,,,,,,,,,,,,,,,,,,
EX1903659,No variant detected,,,,,,,,,,,,,,,,,,,,,,,,,,,,,,,,,,,,,,,,,,,,,,,,,,,,,,,,,,,,,,,,,,,,,,,,,,,,,,,,,,,,,,,,,,,,,,,,,,,,,,,,,,,,,,,,,,
EX1903671,No variant detected,,,,,,,,,,,,,,,,,,,,,,,,,,,,,,,,,,,,,,,,,,,,,,,,,,,,,,,,,,,,,,,,,,,,,,,,,,,,,,,,,,,,,,,,,,,,,,,,,,,,,,,,,,,,,,,,,,
EX1903763,No variant detected,,,,,,,,,,,,,,,,,,,,,,,,,,,,,,,,,,,,,,,,,,,,,,,,,,,,,,,,,,,,,,,,,,,,,,,,,,,,,,,,,,,,,,,,,,,,,,,,,,,,,,,,,,,,,,,,,,
EX1903764,No variant detected,,,,,,,,,,,,,,,,,,,,,,,,,,,,,,,,,,,,,,,,,,,,,,,,,,,,,,,,,,,,,,,,,,,,,,,,,,,,,,,,,,,,,,,,,,,,,,,,,,,,,,,,,,,,,,,,,,
EX1903767,No variant detected,,,,,,,,,,,,,,,,,,,,,,,,,,,,,,,,,,,,,,,,,,,,,,,,,,,,,,,,,,,,,,,,,,,,,,,,,,,,,,,,,,,,,,,,,,,,,,,,,,,,,,,,,,,,,,,,,,
m004,No variant detected,,,,,,,,,,,,,,,,,,,,,,,,,,,,,,,,,,,,,,,,,,,,,,,,,,,,,,,,,,,,,,,,,,,,,,,,,,,,,,,,,,,,,,,,,,,,,,,,,,,,,,,,,,,,,,,,,,
m032,No variant detected,,,,,,,,,,,,,,,,,,,,,,,,,,,,,,,,,,,,,,,,,,,,,,,,,,,,,,,,,,,,,,,,,,,,,,,,,,,,,,,,,,,,,,,,,,,,,,,,,,,,,,,,,,,,,,,,,,
M112,No variant detected,,,,,,,,,,,,,,,,,,,,,,,,,,,,,,,,,,,,,,,,,,,,,,,,,,,,,,,,,,,,,,,,,,,,,,,,,,,,,,,,,,,,,,,,,,,,,,,,,,,,,,,,,,,,,,,,,,
m196,No variant detected,,,,,,,,,,,,,,,,,,,,,,,,,,,,,,,,,,,,,,,,,,,,,,,,,,,,,,,,,,,,,,,,,,,,,,,,,,,,,,,,,,,,,,,,,,,,,,,,,,,,,,,,,,,,,,,,,,
m203,No variant detected,,,,,,,,,,,,,,,,,,,,,,,,,,,,,,,,,,,,,,,,,,,,,,,,,,,,,,,,,,,,,,,,,,,,,,,,,,,,,,,,,,,,,,,,,,,,,,,,,,,,,,,,,,,,,,,,,,
p21chh12234,No variant detected,,,,,,,,,,,,,,,,,,,,,,,,,,,,,,,,,,,,,,,,,,,,,,,,,,,,,,,,,,,,,,,,,,,,,,,,,,,,,,,,,,,,,,,,,,,,,,,,,,,,,,,,,,,,,,,,,,
EX1708333,Novel variant detected,Coding effect,WFS1,0/1,Chr4(GRCh37):g.6302846A>G,NM_006005.3:c.1324A>G,p.Thr442Ala,missense,substitution,exon,8,,4095.77,PASS,"124,123",247,99,,,A,G,4,6302846,,,,,,,,,,,,,,,,,,,6302846,6302846,NM_006005.3,,,,,,,,,,,58,C0,Tolerated,242.23,,,,,,,,,,,,,,,,,,,,,,,,,,,,,,,,,463,3',,,,,,,,,88.0923,10.7599,,,,88.0923,10.7599,,,,0.02686,,,O76024,606201
EX1708333,Novel variant detected,HGMD sub-category,WFS1,0/1,Chr4(GRCh37):g.6303907G>C,NM_006005.3:c.2385G>C,p.Glu795Asp,missense,substitution,exon,8,,4198.77,PASS,"108,121",229,99,,,G,C,4,6303907,CM119611,Wolfram syndrome,21602428,DM,RCV000152698.1|RCV000445494.1,PASS,0.000079,0.000285,0.00017,0,0.000051,0.000066,0.00004,0.00004,0,,,,6303907,6303907,NM_006005.3,22,277006,0,22,0,germline|unknown,clinical testing|research,VUS|VUS,1|1,not specified|Monogenic diabetes,45,C0,Tolerated,246.15,24520,0,7,0,35288,0,6,0,10206,0,0,0,19550,0,1,0,30534,0,2,0,124986,0,5,0,24786,0,1,0,7136,0,0,0,1524,3',,,,,,,,,88.0923,10.7599,,,,88.0923,10.7599,,,,0.02686,,,O76024,606201
EX1902937,Novel variant detected,Coding effect,MAP3K1,0/1,Chr5(GRCh37):g.56177839C>A,NM_005921.1:c.2812C>A,p.Pro938Thr,missense,substitution,exon,14,,31179.8,PASS,"1195,1102",2297,99,,,C,A,5,56177839,,,,,,PASS,0.00007,0,0,0,0,0,0.000155,0,0,,,,56177839,56177839,NM_005921.1,19,269552,0,19,0,,,,,,38,C35,Deleterious,0,21012,0,0,0,35120,0,0,0,10236,0,0,0,19208,0,0,0,30572,0,0,0,122668,0,19,0,23948,0,0,0,6788,0,0,0,443,3',,,,,,,,,100,12.0063,,,,100,12.0063,,,,0.02686,,,Q13233,600982
EX1902937,Novel variant detected,HGMD sub-category,HSD17B3,1/1,Chr9(GRCh37):g.99017146T>A,NM_000197.1:c.277+4A>T,p.?,,substitution,intron,3,3,52034.8,PASS,"19,1511",1530,99,,,A,T,9,99017146,CS002140,17-beta hydroxysteroid dehydrogenase 3 deficiency,10599740,DM,RCV000224578.2|RCV000623449.1|RCV000190594.2|RCV000582593.1,PASS,0.000333,0,0.000028,0,0,0,0.000682,0.00008,0.000416,,,,99017146,99017146,NM_000197.1,94,282304,0,94,0,germline|germline|germline|germline|germline,clinical testing|clinical testing|clinical testing|clinical testing|clinical testing,Pathogenic|Pathogenic|Pathogenic|Pathogenic,2|1|1|0,not provided|Inborn genetic diseases|Testosterone 17-beta-dehydrogenase deficiency|Pseudohermaphroditism,,,,,24832,0,0,0,35384,0,1,0,10336,0,0,0,19942,0,0,0,30512,0,0,0,128990,0,88,0,25090,0,2,0,7218,0,3,0,4,5',,,,,,,,,82.5954,11.1124,,,,72.4217,5.9284,,,,0.98637,,,P37058,605573
EX1903571,Novel variant detected,Coding effect,VHL,0/1,Chr3(GRCh37):g.10191614C>T,NM_000551.3:c.607C>T,p.Gln203*,stop gain,substitution,exon,3,,5563.77,PASS,"167,171",338,99,,,C,T,3,10191614,,,,,,PASS,0.000004,0,0,0,0,0.000033,0,0,0,,,,10191614,10191614,NM_000551.3,1,251346,0,1,0,,,,,,,,,,16254,0,0,0,34574,0,0,0,10080,0,0,0,18392,0,0,0,30600,0,1,0,113676,0,0,0,21634,0,0,0,6136,0,0,0,144,3',,,,,,,,,89.0656,8.78163,,,,89.0656,8.78163,,,,0.02686,,,P40337,608537
EX1903580,Novel variant detected,Nearest splice site change,SDHD,0/1,Chr11(GRCh37):g.111959740G>A,NM_003002.3:c.314+5G>A,p.?,,substitution,intron,3,3,2932.77,PASS,"126,91",217,99,,,G,A,11,111959740,,,,,RCV000688388.1,,,,,,,,,,,,,,111959740,111959740,NM_003002.3,,,,,,germline,clinical testing,VUS,1,,,,,,,,,,,,,,,,,,,,,,,,,,,,,,,,,,,,,,5,5',,,,,,,,,88.9032,0,,,,76.256,0,,,,0.66949,,,O14521,602690
EX1903783,Novel variant detected,HGMD sub-category,CHD7,0/1,Chr8(GRCh37):g.61693946_61693951dup,NM_017780.3:c.2053_2058dup,p.Ala685_Lys686dup,in-frame,duplication,exon,3,,2853.73,PASS,"122,77",199,99,GCAAAA,,,,8,61693942,CI149832,Kallmann syndrome,25077900,DM?,RCV000514792.1|RCV000233607.4|RCV000266990.1|RCV000717179.1|RCV000081821.10,PASS,0.00623,0.001643,0.007553,0.004426,0,0.000617,0.009848,0.002975,0.006354,,,,61693951,61693952,NM_017780.3,1155,185394,6,1143,0,germline|germline|germline|germline|germline|germline|germline|germline|unknown|germline,clinical testing|clinical testing|clinical testing|clinical testing|clinical testing|clinical testing|clinical testing|clinical testing|clinical testing|clinical testing,Benign|Benign/Likely benign|Likely benign|Benign|Benign/Likely benign,1|2|1|1|2,not provided|CHARGE association|Hypogonadism with anosmia|History of neurodevelopmental disorder|not specified,,,,,18262,0,30,0,18272,1,136,0,6778,0,30,0,12084,0,0,0,17840,0,11,0,86616,5,843,0,20506,0,61,0,5036,0,32,0,-38,5',,,,,,,,,83.8341,10.0781,,,,83.8341,10.0781,,,,0.02686,,,Q9P2D1,608892
m073,Novel variant detected,Coding effect,HNF1B,0/1,Chr17(GRCh37):g.36093764G>T,NM_000458.3:c.595C>A,p.Gln199Lys,missense,substitution,exon,3,,9430.77,PASS,"275,278",553,99,,,C,A,17,36093764,,,,,,PASS,0.000004,0,0,0,0.000054,0,0,0,0,,,,36093764,36093764,NM_000458.3,1,251422,0,1,0,,,,,,53,C45,Deleterious,0,16256,0,0,0,34588,0,0,0,10078,0,0,0,18394,0,1,0,30616,0,0,0,113706,0,0,0,21646,0,0,0,6138,0,0,0,51,3',Cryptic Donor Strongly Activated,36093767,,,,4.69032,,,93.0388,12.3758,,,,93.0388,12.3758,,,,0.02686,,,P35680,189907
m110,Novel variant detected,Coding effect,HNF1A,0/1,Chr12(GRCh37):g.121432013C>G,NM_000545.6:c.760C>G,p.Leu254Val,missense,substitution,exon,4,,13209.8,PASS,"431,405",836,99,,,C,G,12,121432013,,,,,,,,,,,,,,,,,,,121432013,121432013,NM_000545.6,,,,,,,,,,,32,C0,Tolerated,30.92,,,,,,,,,,,,,,,,,,,,,,,,,,,,,,,,,47,3',New Donor Site,121432012,,,,1.95029,,,87.8686,5.73921,,,,87.8686,5.73921,,,,0.02686,,,P20823,142410
m146,Novel variant detected,Coding effect,INS,0/1,Chr11(GRCh37):g.2181134T>G,NM_001185098.1:c.281A>C,p.Gln94Pro,missense,substitution,exon,2,,6649.77,PASS,"202,204",406,99,,,A,C,11,2181134,,,,,,,,,,,,,,,,,,,2181134,2181134,NM_001185098.1,,,,,,,,,,,76,C0,Deleterious,223.3,,,,,,,,,,,,,,,,,,,,,,,,,,,,,,,,,94,3',,,,,,,,,69.8459,4.35863,,,,69.8459,4.35863,,,,0.02686,,,P01308,176730
cnvcontrol01,Variant detected,,PHEX_ex_12,1.47,chrX:22151491-22151850,,,,duplication,,,,6.77,,,,,,,,,X,,,,,,,,,,,,,,,,,1944,2859,3,22151491,22151850,,,,,,,,,,,,,,,,,,,,,,,,,,,,,,,,,,,,,,,,,,,,,,,,,,,,,,,,,,,,,,,,,,,,,,,,
EX1901608,Variant detected,HGMD sub-category,ABCC8,0/1,Chr11(GRCh37):g.17491729C>T,NM_001287174.1:c.331G>A,p.Gly111Arg,missense,substitution,exon,3,,10501.8,PASS,"312,327",639,99,,,G,A,11,17491729,CM043250,Hyperinsulinism,15579781,DM,RCV000193936.2,PASS,0.000008,0,0,0,0,0.000033,0.000009,0,0,,,,17491729,17491729,NM_001287174.1,2,251372,0,2,0,germline|unknown,clinical testing|clinical testing,Pathogenic/Likely pathogenic,2,Persistent hyperinsulinemic hypoglycemia of infancy,125,C0,Tolerated,126.94,16248,0,0,0,34582,0,0,0,10076,0,0,0,18394,0,0,0,30612,0,1,0,113694,0,1,0,21630,0,0,0,6136,0,0,0,41,3',,,,,,,,,85.0347,10.4952,,,,85.0347,10.4952,,,,0.02686,,,,600509
EX1903409,Variant detected,HGMD sub-category,ABCC8,1/1,Chr11(GRCh37):g.17449414C>T,NM_001287174.1:c.2116G>A,p.Gly706Ser,missense,substitution,exon,15,,17942.8,PASS,"4,453",457,99,,,G,A,11,17449414,CM131773,Hyperinsulinism,23345197,DM,,,,,,,,,,,,,,,17449414,17449414,NM_001287174.1,,,,,,,,,,,56,C55,Deleterious,0,,,,,,,,,,,,,,,,,,,,,,,,,,,,,,,,,-1,5',New Acceptor Site,17449412,,,,3.09553,,,81.7529,8.97797,,,,69.6168,3.4971,,,,0.9981,,,,600509
EX1903618,Variant detected,HGMD sub-category,ABCC6,1/1,Chr16(GRCh37):g.16256935G>A,NM_001171.5:c.3421C>T,p.Arg1141*,stop gain,substitution,exon,24,,8674.77,PASS,"3,222",225,99,,,C,T,16,16256935,CM001043,"Pseudoxanthoma elasticum, autosomal recessive",10811882,DM,RCV000254838.3|RCV000006937.8|RCV000023272.6|RCV000415101.1,PASS,0.001401,0.00016,0.00031,0,0,0.000131,0.002286,0.002786,0.001662,,,,16256935,16256935,NM_001171.5,396,282706,0,396,0,germline|germline|germline|germline|germline|germline|germline|germline|unknown,clinical testing|clinical testing|literature only|clinical testing|research|clinical testing|literature only|clinical testing|clinical testing,Pathogenic|Pathogenic|Pathogenic|Pathogenic,2|2|1|1,not provided|Pseudoxanthoma elasticum|Generalized arterial calcification of infancy 2|,,,,,24966,0,4,0,35438,0,11,0,10356,0,0,0,19948,0,0,0,30616,0,4,0,129038,0,295,0,25124,0,70,0,7220,0,12,0,-86,5',,,,,,,,,84.5905,9.78584,,,,84.5905,9.78584,,,,0.02686,,,O95255,603234
m034,Variant detected,HGMD sub-category,ABCC8,0/1,Chr11(GRCh37):g.17464303T>C,NM_001287174.1:c.1594A>G,p.Ser532Gly,missense,substitution,exon,,,11595.8,PASS,"413,360",773,99,,,A,G,11,17464303,CM154905,"Diabetes, transient neonatal",25755231,DM,,,,,,,,,,,,,,,17464303,17464303,NM_001287174.1,,,,,,,,,,,56,C0,Tolerated,46.24,,,,,,,,,,,,,,,,,,,,,,,,,,,,,,,,,-37,5',,,,,,,,,74.5874,8.28108,,,,74.5874,8.28108,,,,0.02686,,,,600509
m100,Variant detected,HGMD sub-category,HNF4A,0/1,Chr20(GRCh37):g.43034836G>A,NM_175914.4:c.188G>A,p.Arg63Gln,missense,substitution,exon,,,7301.77,PASS,"258,230",488,99,,,G,A,20,43034836,CM133269,"Diabetes, MODY",23348805,DM,RCV000414001.1,,,,,,,,,,,,,,43034836,43034836,NM_175914.4,,,,,,germline,clinical testing,Likely pathogenic,1,not provided,43,C0,Tolerated,241.31,,,,,,,,,,,,,,,,,,,,,,,,,,,,,,,,,-37,5',,,,,,,,,90.6189,10.0684,,,,90.6189,10.0684,,,,0.02686,,,,600281
P19CHH12232,Variant detected,,"HNF1B_ex_9,HNF1B_ex_8,HNF1B_ex_7,HNF1B_ex_6,HNF1B_ex_5,HNF1B_ex_4,HNF1B_ex_3,HNF1B_ex_2,HNF1B_ex_1",0.805,chr17:36047285-36105023,,,,deletion,,,,106,,,,,,,,,17,,,,,,,,,,,,,,,,,20403,16420,28,36047285,36105023,,,,,,,,,,,,,,,,,,,,,,,,,,,,,,,,,,,,,,,,,,,,,,,,,,,,,,,,,,,,,,,,,,,,,,,,
P26CHH12238,Variant detected,,"HNF1B_ex_9,HNF1B_ex_8,HNF1B_ex_7,HNF1B_ex_6,HNF1B_ex_5,HNF1B_ex_4,HNF1B_ex_3,HNF1B_ex_2,HNF1B_ex_1",0.658,chr17:36047285-36105023,,,,deletion,,,,101,,,,,,,,,17,,,,,,,,,,,,,,,,,17654,11621,28,36047285,36105023,,,,,,,,,,,,,,,,,,,,,,,,,,,,,,,,,,,,,,,,,,,,,,,,,,,,,,,,,,,,,,,,,,,,,,,,
snvcontrol01,Variant detected,Exonic Indel,HNF1A,0/1,Chr12(GRCh37):g.121432116_121432117insC,NM_000545.6:c.863_864insC,p.Pro289Alafs*28,frameshift,insertion,exon,4,,6160.73,PASS,"466,298",764,99,C,,,,12,121432116,,,,,,RF,0.00035,0.000138,0.000251,0.000525,0,0,0.000602,0.000099,0.000347,,,,121432116,121432117,NM_000545.6,82,234194,0,82,0,,,,,,,,,,14498,0,2,0,31866,0,8,0,9530,0,5,0,18012,0,0,0,29658,0,0,0,104714,0,63,0,20160,0,2,0,5756,0,2,0,-92,5',,,,,,,,,90.7791,11.8065,,,,90.7791,11.8065,,,,0.02686,,,P20823,142410
snvcontrol01,Variant detected,HGMD sub-category,CASR,0/1,Chr3(GRCh37):g.122003232A>G,NM_000388.3:c.2431A>G,p.Met811Val,missense,substitution,exon,7,,19218.8,PASS,"653,583",1236,99,,,A,G,3,122003232,CM055915,"Hypercalcaemia, hypocalciuric & hypoparathyroidism",21441391,DM,RCV000440135.1,,,,,,,,,,,,,,122003232,122003232,NM_000388.3,,,,,,germline,clinical testing,Likely pathogenic,1,not provided,21,C15,Deleterious,0,,,,,,,,,,,,,,,,,,,,,,,,,,,,,,,,,699,3',,,,,,,,,74.2171,5.65892,,,,74.2171,5.65892,,,,0.02686,,,P41180,601199
snvcontrol02,Variant detected,HGMD sub-category,FGFR1,0/1,Chr8(GRCh37):g.38271547G>A,NM_023110.2:c.2187-6C>T,p.?,,substitution,intron,17,16,23661.8,PASS,"875,841",1716,99,,,C,T,8,38271547,CS134277,Hypogonadotropic hypogonadism,23348397,DM?,RCV000540694.1|RCV000357982.1|RCV000356927.1|RCV000394557.1|RCV000299729.1|RCV000175231.2|RCV000305455.1,PASS,0.015863,0.002399,0.003311,0.009948,0.000102,0.010631,0.02141,0.040202,0.013963,,,,38271547,38271547,NM_023110.2,4461,281226,71,4319,0,germline|germline|germline|germline|germline|germline|germline|germline,clinical testing|clinical testing|clinical testing|clinical testing|clinical testing|clinical testing|clinical testing|clinical testing,Benign|Likely benign|Likely benign|Likely benign|Likely benign|Benign|Likely benign,1|1|1|1|1|2|1,|Pfeiffer syndrome|Nonsyndromic Trigonocephaly|Hypogonadism with anosmia|Craniosynostosis|not specified|Osteoglophonic dysplasia,,,,,24598,0,59,0,35334,0,117,0,10354,3,97,0,19700,0,2,0,30572,5,315,0,128582,45,2663,0,24924,17,968,0,7162,1,98,0,-6,3',,,,,,,,,0,4.77277,,,,0,4.70256,,,,0.03027,,,P11362,136350
snvcontrol03,Variant detected,Distance to splice site,CUL3,0/1,Chr2(GRCh37):g.225368541T>A,NM_003590.4:c.1207-2A>T,p.?,,substitution,splice site,9,8,31552.8,PASS,"975,957",1932,99,,,A,T,2,225368541,,,,,,,,,,,,,,,,,,,225368541,225368541,NM_003590.4,,,,,,,,,,,,,,,,,,,,,,,,,,,,,,,,,,,,,,,,,,,,,,,-2,3',New Acceptor Site,225368532,,,,5.6298,,,89.7562,8.86274,,,,0,0,,,,1,,,Q13618,603136
snvcontrol04,Variant detected,Coding effect,NNT,0/1,Chr5(GRCh37):g.43615951T>C,NM_012343.3:c.383T>C,p.Val128Ala,missense,substitution,exon,4,,13559.8,PASS,"525,425",950,99,,,T,C,5,43615951,,,,,,PASS,0.000004,0,0,0,0,0,0.000009,0,0,,,,43615951,43615951,NM_012343.3,1,244508,0,1,0,,,,,,64,C0,Deleterious,353.86,15616,0,0,0,33274,0,0,0,9774,0,0,0,18162,0,0,0,29030,0,0,0,111152,0,1,0,21562,0,0,0,5938,0,0,0,2,3',,,,,,,,,93.362,10.6197,,,,93.362,9.47166,,,,0.06278,,,Q13423,607878
snvcontrol04,Variant detected,Coding effect,NNT,0/1,Chr5(GRCh37):g.43653136C>T,NM_012343.3:c.1880C>T,p.Ser627Leu,missense,substitution,exon,14,,18633.8,PASS,"660,623",1283,99,,,C,T,5,43653136,,,,,,PASS,0.000016,0.000123,0,0,0,0,0.000018,0,0,,,,43653136,43653136,NM_012343.3,4,250276,0,4,0,,,,,,145,C0,Deleterious,208.55,16250,0,2,0,34470,0,0,0,10008,0,0,0,18368,0,0,0,30594,0,0,0,112854,0,2,0,21626,0,0,0,6106,0,0,0,17,3',,,,,,,,,76.7196,5.45381,,,,76.7196,5.45381,,,,0.02686,,,Q13423,607878
snvcontrol05,Variant detected,HGMD sub-category,SRD5A2,0/1,NG_008365.1:g.5367T>C,NM_000348.3:c.281+15T>C,p.?,,substitution,intron,1,1,14841.8,PASS,"414,432",846,99,,,T,C,2,31805675,CS1510826,Steroid 5-alpha-reductase deficiency,23112260,DM?,RCV000083653.1|RCV000254308.1,PASS,0.65223,0.698696,0.617523,0.766969,0.443084,0.616382,0.682818,0.674773,0.677215,,,,5367,5367,NM_000348.3,118839,182204,39394,40051,0,not provided|germline,not provided|clinical testing,Not provided|Benign,0|1,not provided|not specified,,,,,17942,4378,3780,0,25646,4935,5967,0,7278,2156,1270,0,13968,1405,3379,0,20132,3892,4625,0,81956,19142,17677,0,9910,2228,2231,0,5372,1258,1122,0,15,5',,,,,,,,,72.2046,7.37531,,,,72.2046,7.37531,,,,0.02686,,,P31213,607306
snvcontrol05,Variant detected,Distance to splice site,CYP11B1,0/1,Chr8(GRCh37):g.143957129G>T,NM_000497.3:c.1120C>A,p.Arg374=,synonymous,substitution,exon,6,,16078.8,PASS,"501,494",995,99,,,C,A,8,143957129,,,,,RCV000711393.1|RCV000454869.1|RCV000029637.2|RCV000397180.1,RF,0.017895,0.006937,0.007543,0.014672,0.001903,0.019773,0.026092,0.012606,0.019393,,,,143957129,143957129,NM_000497.3,4945,276340,60,4825,0,germline|germline|germline|germline|germline,clinical testing|clinical testing|curation|clinical testing|clinical testing|clinical testing,Benign|Benign|Conflicting interpretations of pathogenicity|Likely benign,1|1|1|1,"not provided|not specified|Congenital adrenal hyperplasia|Hyperaldosteronism, familial, type I",,,,,23354,0,162,0,35266,2,262,0,10292,0,151,0,19442,0,37,0,30598,11,583,0,125442,42,3189,0,24830,2,309,0,7116,3,132,0,-2,5',Cryptic Donor Weakly Activated,143957128,6.59605,,,7.07454,,,73.5881,6.59605,,,,82.5023,7.07454,,,,0.00037,,,P15538,610613
snvcontrol06,Variant detected,HGMD sub-category,ZMPSTE24,0/1,Chr1(GRCh37):g.40756551dup,NM_005857.4:c.1085dup,p.Leu362Phefs*19,frameshift,duplication,exon,9,,15618.7,PASS,"845,748",1593,99,T,,,,1,40756542,CI032164,Mandibuloacral dysplasia,12913070,DM,RCV000128723.1|RCV000335839.1|RCV000023547.6|RCV000004492.5,PASS,0.00034,0.000082,0.000236,0,0.000103,0.000412,0.000517,0.000041,0.00043,,,,40756551,40756552,NM_005857.4,93,273864,0,93,0,germline|germline|germline|maternal|germline,not provided|clinical testing|literature only|clinical testing|literature only,Not provided|Pathogenic|Pathogenic|Pathogenic,0|1|1|0,not provided|ZMPSTE24-Related Disorders|Lethal tight skin contracture syndrome|Mandibuloacral dysplasia with type B lipodystrophy,,,,,24536,0,2,0,33844,0,8,0,10076,0,0,0,19338,0,2,0,29096,0,12,0,125732,0,65,0,24262,0,1,0,6980,0,3,0,26,3',,,,,,,,,83.103,10.9304,,,,83.103,10.9304,,,,0.02686,,,O75844,606480
EX1903669,Confirmation required,,"PHEX_ex_2,PHEX_ex_3",0.661,chrX:22056421-22065408,,,,deletion,,,,10.5,,,,,,,,,X,,,,,,,,,,,,,,,,,2904,1919,6,22056421,22065408,,,,,,,,,,,,,,,,,,,,,,,,,,,,,,,,,,,,,,,,,,,,,,,,,,,,,,,,,,,,,,,,,,,,,,,,
EX1903886,Confirmation required,,"CDC73_ex_11,CDC73_ex_12,CDC73_ex_13",0.67,chr1:193172754-193181723,,,,deletion,,,,13.1,,,,,,,,,1,,,,,,,,,,,,,,,,,2763,1850,9,193172754,193181723,,,,,,,,,,,,,,,,,,,,,,,,,,,,,,,,,,,,,,,,,,,,,,,,,,,,,,,,,,,,,,,,,,,,,,,,
